2021/12/15 11:23:13; Login; Success; 200; 200; user=qpb, password=123456; login success! user=qpb password=123456 Token=Token eyJhbGciOiJIUzUxMiIsImlhdCI6MTYzOTUzODU5MSwiZXhwIjoxNjM5NjI0OTkxfQ.eyJ1c2VybmFtZSI6InFwYiJ9.77LEIjT3HbgYXGAZm6_l8pKC7JoFXqZ0rxdWdx9_g7LBUN0HIj-WY-2Lj6jYYZkKmRe86ZrMf2OZTS29Dmq_sA
2021/12/15 11:23:19; Get Task List; Success; 200; 200; page=1 limit=1000 keywords= sortby=0 taskstatus=3; get task list success! task list size=50
2021/12/15 11:23:19; Findout FW; Success; ; ; taskname= ; found 50 taskid by tasknametask id list = 85, 84, 83, 82, 74, 73, 72, 71, 70, 69, 68, 67, 66, 65, 64, 63, 62, 61, 60, 59, 58, 55, 53, 50, 49, 45, 44, 43, 42, 41, 40, 39, 38, 37, 36, 35, 34, 33, 32, 29, 27, 21, 20, 15, 14, 13, 12, 11, 10, 9
2021/12/15 11:23:41; Logout; Success; 200; 200;  ; logout success! user=qpb password=123456
2021/12/15 11:42:39; Login; Success; 200; 200; user=qpb, password=123456; login success! user=qpb password=123456 Token=Token eyJhbGciOiJIUzUxMiIsImlhdCI6MTYzOTUzOTc1OSwiZXhwIjoxNjM5NjI2MTU5fQ.eyJ1c2VybmFtZSI6InFwYiJ9.nd3hk1zJiMYlKziBaPh_YlPw1_mZop2dP0bNJ9cEz7kz7dKWPdW05t_IC59wYrF-s37YWhdqsyfd4DAEiU-u4w
2021/12/15 11:43:55; Login; Success; 200; 200; user=qpb, password=123456; login success! user=qpb password=123456 Token=Token eyJhbGciOiJIUzUxMiIsImlhdCI6MTYzOTUzOTgzNCwiZXhwIjoxNjM5NjI2MjM0fQ.eyJ1c2VybmFtZSI6InFwYiJ9.KAp5wQKk8cM9IdNAkzRPUzTMOv12axC7y5L651U4hGS5H26DXaG0gUYvJpRAvN_OK9Hm9iB5gJlBzEjFcEzQmA
2021/12/15 11:54:57; Login; Success; 200; 200; user=qpb, password=123456; login success! user=qpb password=123456 Token=Token eyJhbGciOiJIUzUxMiIsImlhdCI6MTYzOTU0MDQ5NiwiZXhwIjoxNjM5NjI2ODk2fQ.eyJ1c2VybmFtZSI6InFwYiJ9.ey_L1v8-VzK_70GOHK8uGRjFKmEvHuYx2ZycMj4u2-_C5FTVl2YuWn42oJOvionvYGVLw1yoQkdWPVWXxjarNQ
2021/12/15 11:55:30; Login; Success; 200; 200; user=qpb, password=123456; login success! user=qpb password=123456 Token=Token eyJhbGciOiJIUzUxMiIsImlhdCI6MTYzOTU0MDUzMCwiZXhwIjoxNjM5NjI2OTMwfQ.eyJ1c2VybmFtZSI6InFwYiJ9.0rfAp4LdNVnfhd3PsFM4IG57TvWzFfVnSyRuB-liESa4KLxoJV3ixZtum3SiPGtEGKx1-yV13sTqLdYuSZ2-nA
2021/12/15 11:58:07; Login; Success; 200; 200; user=qpb, password=123456; login success! user=qpb password=123456 Token=Token eyJhbGciOiJIUzUxMiIsImlhdCI6MTYzOTU0MDY4NywiZXhwIjoxNjM5NjI3MDg3fQ.eyJ1c2VybmFtZSI6InFwYiJ9.ZK7fgIVM0fnIXi2mYOWV0bHTBTraFpIla82QXXB-uWqYMfSMAFxdVk0PjW05gm62auG45HJ1SV1PXrkstHcoqQ
2021/12/15 11:58:45; Get report; Success; 200; ;Get report success!
2021/12/15 11:58:47; Get Task List; Success; 200; 200; page=1 limit=1000 keywords= sortby=0 taskstatus=3; get task list success! task list size=50
2021/12/15 11:58:47; Findout FW; Success; ; ; taskname= ; found 50 taskid by tasknametask id list = 85, 84, 83, 82, 74, 73, 72, 71, 70, 69, 68, 67, 66, 65, 64, 63, 62, 61, 60, 59, 58, 55, 53, 50, 49, 45, 44, 43, 42, 41, 40, 39, 38, 37, 36, 35, 34, 33, 32, 29, 27, 21, 20, 15, 14, 13, 12, 11, 10, 9
2021/12/15 11:58:47; Logout; Success; 200; 200;  ; logout success! user=qpb password=123456
2021/12/15 12:34:15; Login; Success; 200; 200; user=qpb, password=123456; login success! user=qpb password=123456 Token=Token eyJhbGciOiJIUzUxMiIsImlhdCI6MTYzOTU0Mjg1NSwiZXhwIjoxNjM5NjI5MjU1fQ.eyJ1c2VybmFtZSI6InFwYiJ9.kTBC84jYJ-xZABjvk1inLzUiVIQgr_cGcna3wlP1WN8FfyxraYR4sgm_00LM_xD4zwNLXfaEa9k-P-QiknL2qg
2021/12/15 12:35:48; Login; Success; 200; 200; user=qpb, password=123456; login success! user=qpb password=123456 Token=Token eyJhbGciOiJIUzUxMiIsImlhdCI6MTYzOTU0Mjk0OCwiZXhwIjoxNjM5NjI5MzQ4fQ.eyJ1c2VybmFtZSI6InFwYiJ9.u6BLYTzjdY_ePmGtMzpJHDHj3H2mD7ubwEeFHJ5lD2iuZ3JJjUWd92qYOyXOJxu0msMS0ORjbqivoiQ8YNUhlw
2021/12/15 12:35:50; Get report; Failed; 200; ;LookupError('unknown encoding: unicode')
2021/12/15 12:35:50; Get Task List; Success; 200; 200; page=1 limit=1000 keywords= sortby=0 taskstatus=3; get task list success! task list size=50
2021/12/15 12:35:50; Findout FW; Success; ; ; taskname= ; found 50 taskid by tasknametask id list = 85, 84, 83, 82, 74, 73, 72, 71, 70, 69, 68, 67, 66, 65, 64, 63, 62, 61, 60, 59, 58, 55, 53, 50, 49, 45, 44, 43, 42, 41, 40, 39, 38, 37, 36, 35, 34, 33, 32, 29, 27, 21, 20, 15, 14, 13, 12, 11, 10, 9
2021/12/15 12:35:50; Logout; Success; 200; 200;  ; logout success! user=qpb password=123456
2021/12/15 12:37:23; Login; Success; 200; 200; user=qpb, password=123456; login success! user=qpb password=123456 Token=Token eyJhbGciOiJIUzUxMiIsImlhdCI6MTYzOTU0MzA0MiwiZXhwIjoxNjM5NjI5NDQyfQ.eyJ1c2VybmFtZSI6InFwYiJ9.bmLb4HheDMvg7HVqLX0NdRLpGmrlVXJ7SjAayICu0QXCgAGkX5LhdXb4gYc-q5gZrLvJd6ScUR2Pw2LCkUtQSg
2021/12/15 12:37:24; Get report; Failed; 200; ;LookupError('unknown encoding: asci')
2021/12/15 12:37:24; Get Task List; Success; 200; 200; page=1 limit=1000 keywords= sortby=0 taskstatus=3; get task list success! task list size=50
2021/12/15 12:37:24; Findout FW; Success; ; ; taskname= ; found 50 taskid by tasknametask id list = 85, 84, 83, 82, 74, 73, 72, 71, 70, 69, 68, 67, 66, 65, 64, 63, 62, 61, 60, 59, 58, 55, 53, 50, 49, 45, 44, 43, 42, 41, 40, 39, 38, 37, 36, 35, 34, 33, 32, 29, 27, 21, 20, 15, 14, 13, 12, 11, 10, 9
2021/12/15 12:37:24; Logout; Success; 200; 200;  ; logout success! user=qpb password=123456
2021/12/15 12:37:58; Login; Success; 200; 200; user=qpb, password=123456; login success! user=qpb password=123456 Token=Token eyJhbGciOiJIUzUxMiIsImlhdCI6MTYzOTU0MzA3NywiZXhwIjoxNjM5NjI5NDc3fQ.eyJ1c2VybmFtZSI6InFwYiJ9.77gmleYU63zZZwT4hQIHcc0WlqdtaNjrOP0BmyhYTGWNJwexL7wGIcPmxR8mhMxntgmmOopEIyzQixOTzHWRiA
2021/12/15 12:37:59; Get report; Failed; 200; ;LookupError('unknown encoding: asci')
2021/12/15 12:37:59; Get Task List; Success; 200; 200; page=1 limit=1000 keywords= sortby=0 taskstatus=3; get task list success! task list size=50
2021/12/15 12:38:00; Findout FW; Success; ; ; taskname= ; found 50 taskid by tasknametask id list = 85, 84, 83, 82, 74, 73, 72, 71, 70, 69, 68, 67, 66, 65, 64, 63, 62, 61, 60, 59, 58, 55, 53, 50, 49, 45, 44, 43, 42, 41, 40, 39, 38, 37, 36, 35, 34, 33, 32, 29, 27, 21, 20, 15, 14, 13, 12, 11, 10, 9
2021/12/15 12:38:00; Logout; Success; 200; 200;  ; logout success! user=qpb password=123456
2021/12/15 12:38:40; Login; Success; 200; 200; user=qpb, password=123456; login success! user=qpb password=123456 Token=Token eyJhbGciOiJIUzUxMiIsImlhdCI6MTYzOTU0MzExOSwiZXhwIjoxNjM5NjI5NTE5fQ.eyJ1c2VybmFtZSI6InFwYiJ9.5hEN-1yoUMDKkuGOtBpdAHo0QSUA9EB6MzoJN9QYG1oYYqMmNIqiZGVrBBP-rUPjBN0o1WKhEutEKtSj2V8_pw
2021/12/15 12:38:41; Get report; Failed; 200; ;LookupError('unknown encoding: asci')
2021/12/15 12:38:41; Get Task List; Success; 200; 200; page=1 limit=1000 keywords= sortby=0 taskstatus=3; get task list success! task list size=50
2021/12/15 12:38:41; Findout FW; Success; ; ; taskname= ; found 50 taskid by tasknametask id list = 85, 84, 83, 82, 74, 73, 72, 71, 70, 69, 68, 67, 66, 65, 64, 63, 62, 61, 60, 59, 58, 55, 53, 50, 49, 45, 44, 43, 42, 41, 40, 39, 38, 37, 36, 35, 34, 33, 32, 29, 27, 21, 20, 15, 14, 13, 12, 11, 10, 9
2021/12/15 12:38:42; Logout; Success; 200; 200;  ; logout success! user=qpb password=123456
2021/12/15 12:39:13; Login; Success; 200; 200; user=qpb, password=123456; login success! user=qpb password=123456 Token=Token eyJhbGciOiJIUzUxMiIsImlhdCI6MTYzOTU0MzE1MiwiZXhwIjoxNjM5NjI5NTUyfQ.eyJ1c2VybmFtZSI6InFwYiJ9.JGL5cPxnShsJAjLC56ETkaTLxgP1xCrkgrPVm8TF8FRfqdLBIVmShyfrBTyqlb7JKI_kszsPgkjHKCH80WVAdA
2021/12/15 12:40:26; Login; Success; 200; 200; user=qpb, password=123456; login success! user=qpb password=123456 Token=Token eyJhbGciOiJIUzUxMiIsImlhdCI6MTYzOTU0MzIyNiwiZXhwIjoxNjM5NjI5NjI2fQ.eyJ1c2VybmFtZSI6InFwYiJ9.gwCncuson-pWK6ZUQgkhuH2L4x5aOILoYT6voVu9kFKvorag2YqV38EyUpFTITHQTEQ4-NrMTUdKFaRtDdEDMg
2021/12/15 12:41:20; Login; Success; 200; 200; user=qpb, password=123456; login success! user=qpb password=123456 Token=Token eyJhbGciOiJIUzUxMiIsImlhdCI6MTYzOTU0MzI3OSwiZXhwIjoxNjM5NjI5Njc5fQ.eyJ1c2VybmFtZSI6InFwYiJ9.Cx-YQm0We-NxoeObmphi84r7ATRRFS7S8Ekyii0GkntZoQa7PFfck4hgd3Ax5V7YeUVrR7ErWdulOvKTJf6xYQ
2021/12/15 12:42:44; Login; Success; 200; 200; user=qpb, password=123456; login success! user=qpb password=123456 Token=Token eyJhbGciOiJIUzUxMiIsImlhdCI6MTYzOTU0MzM2NCwiZXhwIjoxNjM5NjI5NzY0fQ.eyJ1c2VybmFtZSI6InFwYiJ9.jLlidVFL3e_CwrnL8ftCCHFwbcU42jm1MnQk_jH89MNFT6hxXeDywCKjI2OAxMRmdJGSBqsJvoUMehDDtIeaFg
2021/12/15 12:43:02; Get report; Failed; 200; ;LookupError('unknown encoding: Unicode')
2021/12/15 12:43:02; Get Task List; Success; 200; 200; page=1 limit=1000 keywords= sortby=0 taskstatus=3; get task list success! task list size=50
2021/12/15 12:43:02; Findout FW; Success; ; ; taskname= ; found 50 taskid by tasknametask id list = 85, 84, 83, 82, 74, 73, 72, 71, 70, 69, 68, 67, 66, 65, 64, 63, 62, 61, 60, 59, 58, 55, 53, 50, 49, 45, 44, 43, 42, 41, 40, 39, 38, 37, 36, 35, 34, 33, 32, 29, 27, 21, 20, 15, 14, 13, 12, 11, 10, 9
2021/12/15 12:43:02; Logout; Success; 200; 200;  ; logout success! user=qpb password=123456
2021/12/15 12:47:07; Login; Success; 200; 200; user=qpb, password=123456; login success! user=qpb password=123456 Token=Token eyJhbGciOiJIUzUxMiIsImlhdCI6MTYzOTU0MzYyNywiZXhwIjoxNjM5NjMwMDI3fQ.eyJ1c2VybmFtZSI6InFwYiJ9.cW70BZqBtDexeHZQdcTyRV2v-LLl_xqOf1bU7rxsMH3Y0JwB2kCVvGKIAMzdls-O1rPukDuqcbYmprYu7vUGdQ
2021/12/15 12:49:32; Login; Success; 200; 200; user=qpb, password=123456; login success! user=qpb password=123456 Token=Token eyJhbGciOiJIUzUxMiIsImlhdCI6MTYzOTU0Mzc3MSwiZXhwIjoxNjM5NjMwMTcxfQ.eyJ1c2VybmFtZSI6InFwYiJ9.l9whXEO0ywKj5Yj1pqPb_2sXISQte_pzfeCpj6aqjlPwHp2nFSQaIq6zM_FgNKKzMBFbvvN-Kq3LwXlHZRUbRg
2021/12/15 12:49:46; Get report; Success; 200; ;Get report success!
2021/12/15 12:49:46; Get Task List; Success; 200; 200; page=1 limit=1000 keywords= sortby=0 taskstatus=3; get task list success! task list size=50
2021/12/15 12:49:46; Findout FW; Success; ; ; taskname= ; found 50 taskid by tasknametask id list = 85, 84, 83, 82, 74, 73, 72, 71, 70, 69, 68, 67, 66, 65, 64, 63, 62, 61, 60, 59, 58, 55, 53, 50, 49, 45, 44, 43, 42, 41, 40, 39, 38, 37, 36, 35, 34, 33, 32, 29, 27, 21, 20, 15, 14, 13, 12, 11, 10, 9
2021/12/15 12:49:46; Logout; Success; 200; 200;  ; logout success! user=qpb password=123456
2021/12/15 12:50:28; Login; Success; 200; 200; user=qpb, password=123456; login success! user=qpb password=123456 Token=Token eyJhbGciOiJIUzUxMiIsImlhdCI6MTYzOTU0MzgyNywiZXhwIjoxNjM5NjMwMjI3fQ.eyJ1c2VybmFtZSI6InFwYiJ9.Cpo9eo6I0NC7o3--N_c4JXfTYmhaF4ktVP4cw95Mq1QE3xOhbTuEKLxfpO3w3InFhXXtd7lApFBQkdn4iCoY0Q
2021/12/15 12:50:34; Get report; Success; 200; ;Get report success!
2021/12/15 12:50:34; Get Task List; Success; 200; 200; page=1 limit=1000 keywords= sortby=0 taskstatus=3; get task list success! task list size=50
2021/12/15 12:50:34; Findout FW; Success; ; ; taskname= ; found 50 taskid by tasknametask id list = 85, 84, 83, 82, 74, 73, 72, 71, 70, 69, 68, 67, 66, 65, 64, 63, 62, 61, 60, 59, 58, 55, 53, 50, 49, 45, 44, 43, 42, 41, 40, 39, 38, 37, 36, 35, 34, 33, 32, 29, 27, 21, 20, 15, 14, 13, 12, 11, 10, 9
2021/12/15 12:50:34; Logout; Success; 200; 200;  ; logout success! user=qpb password=123456
2021/12/15 12:50:58; Login; Success; 200; 200; user=qpb, password=123456; login success! user=qpb password=123456 Token=Token eyJhbGciOiJIUzUxMiIsImlhdCI6MTYzOTU0Mzg1OCwiZXhwIjoxNjM5NjMwMjU4fQ.eyJ1c2VybmFtZSI6InFwYiJ9.V7SuANMcopgsSH-gbiOIQYWnYh0OKBycV1vymGQqEAeC7dvjvoKpdJYCCLwOhskb14cNDUAHgHcb-Et10oEj-g
2021/12/15 12:51:00; Get report; Success; 200; ;Get report success!
2021/12/15 12:51:00; Get Task List; Success; 200; 200; page=1 limit=1000 keywords= sortby=0 taskstatus=3; get task list success! task list size=50
2021/12/15 12:51:00; Findout FW; Success; ; ; taskname= ; found 50 taskid by tasknametask id list = 85, 84, 83, 82, 74, 73, 72, 71, 70, 69, 68, 67, 66, 65, 64, 63, 62, 61, 60, 59, 58, 55, 53, 50, 49, 45, 44, 43, 42, 41, 40, 39, 38, 37, 36, 35, 34, 33, 32, 29, 27, 21, 20, 15, 14, 13, 12, 11, 10, 9
2021/12/15 12:51:00; Logout; Success; 200; 200;  ; logout success! user=qpb password=123456
2021/12/15 12:51:30; Login; Success; 200; 200; user=qpb, password=123456; login success! user=qpb password=123456 Token=Token eyJhbGciOiJIUzUxMiIsImlhdCI6MTYzOTU0Mzg5MCwiZXhwIjoxNjM5NjMwMjkwfQ.eyJ1c2VybmFtZSI6InFwYiJ9.ryUjCF3LS2d1xqGX-NJaQiFSKLXkV-hbhFwdeTCSjFbODXukA9gp1utrZyXLx4aIZ7W9ahkMXS2OXDB-yS-a3g
2021/12/15 12:59:58; Login; Success; 200; 200; user=qpb, password=123456; login success! user=qpb password=123456 Token=Token eyJhbGciOiJIUzUxMiIsImlhdCI6MTYzOTU0NDM5OCwiZXhwIjoxNjM5NjMwNzk4fQ.eyJ1c2VybmFtZSI6InFwYiJ9.KchpcgV3aWdvhKAiKvxKJXvtt5rx-XZ4CmIcW5WNMbrDVSE0KqM6Opa9m_zAy4rsl09r_8kTMGAKhAZYHbsjWA
2021/12/15 13:00:00; Get Task List; Success; 200; 200; page=1 limit=1000 keywords= sortby=0 taskstatus=3; get task list success! task list size=50
2021/12/15 13:03:21; Login; Success; 200; 200; user=qpb, password=123456; login success! user=qpb password=123456 Token=Token eyJhbGciOiJIUzUxMiIsImlhdCI6MTYzOTU0NDYwMCwiZXhwIjoxNjM5NjMxMDAwfQ.eyJ1c2VybmFtZSI6InFwYiJ9.Ra74P6nKAfBhKtojflsviG1Iv3vahMHhuZ2kMnPanIxdPkROYWWcF6lM1B4IE12ZFG-B4PsrfBVqR9jHOfWEUA
2021/12/15 13:03:23; Get report; Success; 200; ;Get report success!
2021/12/15 13:03:23; Logout; Success; 200; 200;  ; logout success! user=qpb password=123456
2021/12/15 13:07:01; Login; Success; 200; 200; user=qpb, password=123456; login success! user=qpb password=123456 Token=Token eyJhbGciOiJIUzUxMiIsImlhdCI6MTYzOTU0NDgyMCwiZXhwIjoxNjM5NjMxMjIwfQ.eyJ1c2VybmFtZSI6InFwYiJ9.Dzq-wTjQ59S446byou_3FPsL0jFRL5Z2684GCrJ1RHIzQssXKFEjw1Dq8GMsT82WBH2EufgW5OdqT5Hp697hfA
2021/12/15 13:07:03; Get report; Success; 200; ;Get report success!
2021/12/15 13:07:03; Logout; Success; 200; 200;  ; logout success! user=qpb password=123456
2021/12/15 13:10:30; Login; Success; 200; 200; user=qpb, password=123456; login success! user=qpb password=123456 Token=Token eyJhbGciOiJIUzUxMiIsImlhdCI6MTYzOTU0NTAyOSwiZXhwIjoxNjM5NjMxNDI5fQ.eyJ1c2VybmFtZSI6InFwYiJ9.P2EdG9A3YvoJc5j33hIJr4J8UKjkGqGRrEzaSYrzj7YLXO7SnhrXzw-U4OL6ucnnJVeg9YyqIbMzHCbhgspIoQ
2021/12/15 13:17:09; Login; Success; 200; 200; user=qpb, password=123456; login success! user=qpb password=123456 Token=Token eyJhbGciOiJIUzUxMiIsImlhdCI6MTYzOTU0NTQyOCwiZXhwIjoxNjM5NjMxODI4fQ.eyJ1c2VybmFtZSI6InFwYiJ9.HzANITHW6nvjAwFxJkvK_mErfvpv9jX4Ec2n03BL6_yY4ofk7tj2UeIqVN1MjiPsZ-NiMFVDm3bGn9P0vFIOkg
2021/12/15 13:17:11; Get report; Failed; 200; ;AttributeError("'str' object has no attribute 'decode'")
2021/12/15 13:17:11; Logout; Success; 200; 200;  ; logout success! user=qpb password=123456
2021/12/15 13:17:33; Login; Success; 200; 200; user=qpb, password=123456; login success! user=qpb password=123456 Token=Token eyJhbGciOiJIUzUxMiIsImlhdCI6MTYzOTU0NTQ1MiwiZXhwIjoxNjM5NjMxODUyfQ.eyJ1c2VybmFtZSI6InFwYiJ9.EnThZ2Mjx8MNP5BbVQXyVqQd_AtSqNp4HihPgzI8AybOcgs51j6JWRzX_kvLoymvT95yIrjHFVw-wGOJLp2dyQ
2021/12/15 13:17:35; Get report; Failed; 200; ;AttributeError("'str' object has no attribute 'decode'")
2021/12/15 13:17:36; Logout; Success; 200; 200;  ; logout success! user=qpb password=123456
2021/12/15 13:18:42; Login; Success; 200; 200; user=qpb, password=123456; login success! user=qpb password=123456 Token=Token eyJhbGciOiJIUzUxMiIsImlhdCI6MTYzOTU0NTUyMiwiZXhwIjoxNjM5NjMxOTIyfQ.eyJ1c2VybmFtZSI6InFwYiJ9.Ows40rjzYRhUqzBkRdyRpN48TnwnXwOrpy8csrQ7sw1nKTB8qdlhCWJaypD7nmA74BaSdI1vvb3aGThI44OqgA
2021/12/15 13:18:45; Get report; Failed; 200; ;AttributeError("'str' object has no attribute 'decode'")
2021/12/15 13:18:45; Logout; Success; 200; 200;  ; logout success! user=qpb password=123456
2021/12/15 13:22:43; Login; Success; 200; 200; user=qpb, password=123456; login success! user=qpb password=123456 Token=Token eyJhbGciOiJIUzUxMiIsImlhdCI6MTYzOTU0NTc2MiwiZXhwIjoxNjM5NjMyMTYyfQ.eyJ1c2VybmFtZSI6InFwYiJ9.Aa0jMXxSuwywuyn5x-uikUWSQ-8Sj9KqSWeJI1slNVoALOQ7vS5iBCpq6bgx_Ll1ohOQMRoTx0VbjMLedJC5Gg
2021/12/15 13:22:45; Get report; Success; 200; ;Get report success!
2021/12/15 13:22:45; Logout; Success; 200; 200;  ; logout success! user=qpb password=123456
2021/12/15 13:26:17; Login; Success; 200; 200; user=qpb, password=123456; login success! user=qpb password=123456 Token=Token eyJhbGciOiJIUzUxMiIsImlhdCI6MTYzOTU0NTk3NiwiZXhwIjoxNjM5NjMyMzc2fQ.eyJ1c2VybmFtZSI6InFwYiJ9.hA9ITqLjKHjRZH3tQLp6JuUagux9hHeasRQQYXXg-JDsIYBrKGD2Ip_lDmp3-3lWEtbzVfQ7_8zKblxugnl0-w
2021/12/15 13:26:19; Get report; Failed; 200; ;AttributeError("'str' object has no attribute 'decode'")
2021/12/15 13:26:19; Logout; Success; 200; 200;  ; logout success! user=qpb password=123456
2021/12/15 13:29:40; Login; Success; 200; 200; user=qpb, password=123456; login success! user=qpb password=123456 Token=Token eyJhbGciOiJIUzUxMiIsImlhdCI6MTYzOTU0NjE3OSwiZXhwIjoxNjM5NjMyNTc5fQ.eyJ1c2VybmFtZSI6InFwYiJ9.nQiySAXeQ_NYT3utaO-B4PHqh4PwhYajAv5wEanrV_tUcrNFPAiIn6XIUm_9hH9J8llDszlyTJyBjQA8zCXNpQ
2021/12/15 13:29:42; Get report; Failed; 200; ;LookupError('unknown encoding: unicode-scape')
2021/12/15 13:29:42; Logout; Success; 200; 200;  ; logout success! user=qpb password=123456
2021/12/15 13:30:52; Login; Success; 200; 200; user=qpb, password=123456; login success! user=qpb password=123456 Token=Token eyJhbGciOiJIUzUxMiIsImlhdCI6MTYzOTU0NjI1MSwiZXhwIjoxNjM5NjMyNjUxfQ.eyJ1c2VybmFtZSI6InFwYiJ9.UPR3MHzPJWjXtJmu9ivpJe8z1M8kNgghpju9deCXxbgg28u-Hgn-pK8A2WYuvWHIvrGvQFk1r-zdGY-lMlXFCw
2021/12/15 13:30:54; Get report; Failed; 200; ;LookupError('unknown encoding: unicode-scape')
2021/12/15 13:30:54; Logout; Success; 200; 200;  ; logout success! user=qpb password=123456
2021/12/15 14:05:58; Login; Success; 200; 200; user=qpb, password=123456; login success! user=qpb password=123456 Token=Token eyJhbGciOiJIUzUxMiIsImlhdCI6MTYzOTU0ODM1OCwiZXhwIjoxNjM5NjM0NzU4fQ.eyJ1c2VybmFtZSI6InFwYiJ9.kH1smh18UHloDb1yMNev16fpRnrl4Kg8Hv9wkxhCqRzQANsNakulhh7mCvBpciD63nZMKKu_Q8EWkAhQnyTFeA
2021/12/15 14:06:01; Get report; Failed; 200; ;LookupError('unknown encoding: unicode-scape')
2021/12/15 14:06:01; Logout; Success; 200; 200;  ; logout success! user=qpb password=123456
2021/12/15 14:07:29; Login; Success; 200; 200; user=qpb, password=123456; login success! user=qpb password=123456 Token=Token eyJhbGciOiJIUzUxMiIsImlhdCI6MTYzOTU0ODQ0OCwiZXhwIjoxNjM5NjM0ODQ4fQ.eyJ1c2VybmFtZSI6InFwYiJ9.xMc2H1FtKDeRLn6KAZiA1gxZj_6zD9R3LSsNaNlfUN3CzQyksU88h7eqRFTbFjTX9y7jXvgEndmg5NQeaJenxw
2021/12/15 14:07:31; Get report; Failed; 200; ;LookupError('unknown encoding: unicode-scape')
2021/12/15 14:07:31; Logout; Success; 200; 200;  ; logout success! user=qpb password=123456
2021/12/15 14:08:00; Login; Success; 200; 200; user=qpb, password=123456; login success! user=qpb password=123456 Token=Token eyJhbGciOiJIUzUxMiIsImlhdCI6MTYzOTU0ODQ3OSwiZXhwIjoxNjM5NjM0ODc5fQ.eyJ1c2VybmFtZSI6InFwYiJ9.qxTu1Au1zxq9-X6VDLCFkkuW33H6Aw1Mzq9pZwRZkZx9aNCZtPhpCO5q1NAgg6G3kdlaPu9NfoqKRgTFET25Ug
2021/12/15 14:08:02; Get report; Success; 200; ;Get report success!
2021/12/15 14:08:02; Logout; Success; 200; 200;  ; logout success! user=qpb password=123456
2021/12/15 14:08:38; Login; Success; 200; 200; user=qpb, password=123456; login success! user=qpb password=123456 Token=Token eyJhbGciOiJIUzUxMiIsImlhdCI6MTYzOTU0ODUxNywiZXhwIjoxNjM5NjM0OTE3fQ.eyJ1c2VybmFtZSI6InFwYiJ9.nkbmVC-Z1ky3Js7ldRBictqdW9nk9dsn5xSC691LbE6EKCit23VmNjE5rx2UCACWbru_5upudNoSpedzehpWmA
2021/12/15 14:08:40; Get report; Failed; 200; ;LookupError('unknown encoding: unicode')
2021/12/15 14:08:40; Logout; Success; 200; 200;  ; logout success! user=qpb password=123456
2021/12/15 14:09:33; Login; Success; 200; 200; user=qpb, password=123456; login success! user=qpb password=123456 Token=Token eyJhbGciOiJIUzUxMiIsImlhdCI6MTYzOTU0ODU3MiwiZXhwIjoxNjM5NjM0OTcyfQ.eyJ1c2VybmFtZSI6InFwYiJ9.JDQF61iE5P5HKG1reQOS-e141XPh8hD8gJoMlrDkeDnNe8tkdBjOy-csbmGNDUHUPwMsOWWNDVB-Q60tS-zEmg
2021/12/15 14:11:11; Login; Success; 200; 200; user=qpb, password=123456; login success! user=qpb password=123456 Token=Token eyJhbGciOiJIUzUxMiIsImlhdCI6MTYzOTU0ODY3MCwiZXhwIjoxNjM5NjM1MDcwfQ.eyJ1c2VybmFtZSI6InFwYiJ9.4skM5SFihsxUdReFHB2UIS0UxSJjLc_GxfxJAEbLg2BuDz5ApA5zY9Of3zcbUhi5LxrwwdzvHebP74AFqde8Kg
2021/12/15 14:16:28; Login; Success; 200; 200; user=qpb, password=123456; login success! user=qpb password=123456 Token=Token eyJhbGciOiJIUzUxMiIsImlhdCI6MTYzOTU0ODk4NywiZXhwIjoxNjM5NjM1Mzg3fQ.eyJ1c2VybmFtZSI6InFwYiJ9.yQNHeIqebr2XvTPHs4CCNupUOdqkBo92di2-ZD0gO_uVZQ8KHPSy5lU2bKSSaBfVYRR_Ezepl-p4lYKX_FS0yQ
2021/12/15 14:16:30; Get report; Failed; 200; ;TypeError("a bytes-like object is required, not 'str'")
2021/12/15 14:16:30; Logout; Success; 200; 200;  ; logout success! user=qpb password=123456
2021/12/15 14:17:14; Login; Success; 200; 200; user=qpb, password=123456; login success! user=qpb password=123456 Token=Token eyJhbGciOiJIUzUxMiIsImlhdCI6MTYzOTU0OTAzMywiZXhwIjoxNjM5NjM1NDMzfQ.eyJ1c2VybmFtZSI6InFwYiJ9.Vk8aYhci-FNB9LJBIoGxFU4SToGrgOVup9w8FAtuJ7HxA9mmqr4qaN5EWRPjQCXTl7IblBfI8Lp-pCFe3b1k6A
2021/12/15 14:17:16; Get report; Success; 200; ;Get report success!
2021/12/15 14:17:16; Logout; Success; 200; 200;  ; logout success! user=qpb password=123456
2021/12/15 14:18:05; Login; Success; 200; 200; user=qpb, password=123456; login success! user=qpb password=123456 Token=Token eyJhbGciOiJIUzUxMiIsImlhdCI6MTYzOTU0OTA4NCwiZXhwIjoxNjM5NjM1NDg0fQ.eyJ1c2VybmFtZSI6InFwYiJ9.fR2de1x1Uv2KoJAe38NLePQdaK5OJtkZGEEA5hpVc97yzeUJpx1K3lKibnhvAiE7bD_m3FpUU-C6BMviMb1P9g
2021/12/15 14:18:07; Get report; Success; 200; ;Get report success!
2021/12/15 14:18:07; Logout; Success; 200; 200;  ; logout success! user=qpb password=123456
2021/12/15 14:19:34; Login; Success; 200; 200; user=qpb, password=123456; login success! user=qpb password=123456 Token=Token eyJhbGciOiJIUzUxMiIsImlhdCI6MTYzOTU0OTE3MywiZXhwIjoxNjM5NjM1NTczfQ.eyJ1c2VybmFtZSI6InFwYiJ9.9tnmT7RAAAIWG6Bj-Yy68zH_7TMxab8m-jjzGmz_4peQaAOv4_7TmoV0a2VMEN_Wnvm5CxSOzyM6OcnYt9mjbA
2021/12/15 14:19:36; Get report; Failed; 200; ;TypeError("dump() missing 1 required positional argument: 'fp'")
2021/12/15 14:19:36; Logout; Success; 200; 200;  ; logout success! user=qpb password=123456
2021/12/15 14:20:34; Login; Success; 200; 200; user=qpb, password=123456; login success! user=qpb password=123456 Token=Token eyJhbGciOiJIUzUxMiIsImlhdCI6MTYzOTU0OTIzMywiZXhwIjoxNjM5NjM1NjMzfQ.eyJ1c2VybmFtZSI6InFwYiJ9.9QTkPt7n20utBysaz23FEkzMeIQpdz9Yzzf3-h9hXgyn0TaiJp-974BHixPAkOvGeYGDeWqf5OcRh08Q1QmrKw
2021/12/15 14:20:36; Get report; Failed; 200; ;TypeError('tuple for startswith must only contain str, not bytes')
2021/12/15 14:20:36; Logout; Success; 200; 200;  ; logout success! user=qpb password=123456
2021/12/15 14:21:39; Login; Success; 200; 200; user=qpb, password=123456; login success! user=qpb password=123456 Token=Token eyJhbGciOiJIUzUxMiIsImlhdCI6MTYzOTU0OTI5OCwiZXhwIjoxNjM5NjM1Njk4fQ.eyJ1c2VybmFtZSI6InFwYiJ9.UxGfKLfG4fJB-BuosVVhM0h2M2ZMwMOJiQf1q7Az-2yLpNwTgPvBOijNUOaw6hm5sCRrEwhbGHU2IDuvRqyiCw
2021/12/15 14:21:51; Get report; Failed; 200; ;TypeError('tuple for startswith must only contain str, not bytes')
2021/12/15 14:21:51; Logout; Success; 200; 200;  ; logout success! user=qpb password=123456
2021/12/15 14:23:00; Login; Success; 200; 200; user=qpb, password=123456; login success! user=qpb password=123456 Token=Token eyJhbGciOiJIUzUxMiIsImlhdCI6MTYzOTU0OTM3OSwiZXhwIjoxNjM5NjM1Nzc5fQ.eyJ1c2VybmFtZSI6InFwYiJ9.ri-XEWq02WnYvlGCXpKWRfmRSoRMFc4iYn-d7olfKCzaK-ZVuHDDQtWd5YDKySKt6T6SVnGPI2bVkU9uv6-puw
2021/12/15 14:25:01; Login; Success; 200; 200; user=qpb, password=123456; login success! user=qpb password=123456 Token=Token eyJhbGciOiJIUzUxMiIsImlhdCI6MTYzOTU0OTUwMSwiZXhwIjoxNjM5NjM1OTAxfQ.eyJ1c2VybmFtZSI6InFwYiJ9.0b6zUVemNNDIEDfxHL_A9EKwizmkL9yLVAMKNQ0DfVk4NfaB14w-CtKOpGcZzqSYzxsGjLCuKy9v4RwAcC3_aA
2021/12/15 14:25:09; Get report; Success; 200; ;Get report success!
2021/12/15 14:25:09; Logout; Success; 200; 200;  ; logout success! user=qpb password=123456
2021/12/15 14:33:24; Login; Success; 200; 200; user=qpb, password=123456; login success! user=qpb password=123456 Token=Token eyJhbGciOiJIUzUxMiIsImlhdCI6MTYzOTU1MDAwNCwiZXhwIjoxNjM5NjM2NDA0fQ.eyJ1c2VybmFtZSI6InFwYiJ9.YDtVREM4emHcoywoX8Wy4nOfHVsTRrCLgENUnWD3_slYFxdVEPNdErA9pk8pAFoks-TgD1trwWSeab6IUiufCg
2021/12/15 14:53:11; Login; Success; 200; 200; user=qpb, password=123456; login success! user=qpb password=123456 Token=Token eyJhbGciOiJIUzUxMiIsImlhdCI6MTYzOTU1MTE5MCwiZXhwIjoxNjM5NjM3NTkwfQ.eyJ1c2VybmFtZSI6InFwYiJ9.cI06RZvPGxa2L7IHErfWdSoD1ryAav2OAcWlUlo32MOm23wkwjnC7tWxswQxFlYn3mgEra_Jqm-2jn8sRk3nQQ
2021/12/15 14:54:45; Get report; Failed; 200; ;UnboundLocalError("local variable 'coding' referenced before assignment")
2021/12/15 14:54:45; Logout; Success; 200; 200;  ; logout success! user=qpb password=123456
2021/12/15 14:54:57; Login; Success; 200; 200; user=qpb, password=123456; login success! user=qpb password=123456 Token=Token eyJhbGciOiJIUzUxMiIsImlhdCI6MTYzOTU1MTI5NiwiZXhwIjoxNjM5NjM3Njk2fQ.eyJ1c2VybmFtZSI6InFwYiJ9.ih8w99d9rBaPnWo7PRrbtPoq3grHVBqiZqpcmf11wq0Hh1vQgBKd2XKa0loVDg1ZhQtUJp_KhFEMv9EKUQNYIA
2021/12/15 14:56:25; Login; Success; 200; 200; user=qpb, password=123456; login success! user=qpb password=123456 Token=Token eyJhbGciOiJIUzUxMiIsImlhdCI6MTYzOTU1MTM4NCwiZXhwIjoxNjM5NjM3Nzg0fQ.eyJ1c2VybmFtZSI6InFwYiJ9.l9GYgKhMAjB4fvpobWWqts7ViQs2JedaO-wl8g2lGt5sn0q71U_gcLxbjLXbR2epXyeUeuXQ4f-IB2vRR6nKCg
2021/12/15 14:59:40; Login; Success; 200; 200; user=qpb, password=123456; login success! user=qpb password=123456 Token=Token eyJhbGciOiJIUzUxMiIsImlhdCI6MTYzOTU1MTU4MCwiZXhwIjoxNjM5NjM3OTgwfQ.eyJ1c2VybmFtZSI6InFwYiJ9.tCfB67R5iftHMBhyTqMXRZ-tFhRPJ8lvpl-4Gqj2g5sL90CNTUpmiMHkIH7MH86_Q6obW_J17KUQC7vZQ18ZTw
2021/12/15 15:00:07; Get report; Success; 200; ;Get report success!
2021/12/15 15:00:07; Logout; Success; 200; 200;  ; logout success! user=qpb password=123456
2021/12/15 15:01:19; Login; Success; 200; 200; user=qpb, password=123456; login success! user=qpb password=123456 Token=Token eyJhbGciOiJIUzUxMiIsImlhdCI6MTYzOTU1MTY3OCwiZXhwIjoxNjM5NjM4MDc4fQ.eyJ1c2VybmFtZSI6InFwYiJ9.hydgs4I2zADf5E3MZ5RfiAwpWVTZ90GkqgpRInnWvMHdjNIRiUs8mbAFECjzFJCkFchflbIm9C88CYkw7GC0Fg
2021/12/15 15:01:43; Get report; Success; 200; ;Get report success!
2021/12/15 15:01:43; Logout; Success; 200; 200;  ; logout success! user=qpb password=123456
2021/12/15 15:02:23; Login; Success; 200; 200; user=qpb, password=123456; login success! user=qpb password=123456 Token=Token eyJhbGciOiJIUzUxMiIsImlhdCI6MTYzOTU1MTc0MiwiZXhwIjoxNjM5NjM4MTQyfQ.eyJ1c2VybmFtZSI6InFwYiJ9.B0o_gntk43wHzMOk7SpVzcEPlHi11km7PZ_3vjHlPTQGy3TaAcenaQHpW39iUVyd1HRnK8qw-2uO8YROfcAG-w
2021/12/15 15:02:44; Get report; Failed; 200; ;TypeError("encode() argument 'encoding' must be str, not tuple")
2021/12/15 15:02:44; Logout; Success; 200; 200;  ; logout success! user=qpb password=123456
2021/12/15 15:03:23; Login; Success; 200; 200; user=qpb, password=123456; login success! user=qpb password=123456 Token=Token eyJhbGciOiJIUzUxMiIsImlhdCI6MTYzOTU1MTgwMiwiZXhwIjoxNjM5NjM4MjAyfQ.eyJ1c2VybmFtZSI6InFwYiJ9.vMAPIoSOo2Y_YibNDuD9ZipyB7fro6QEQAxuPMWANw2g6c54odyKadl_rBGfYHtnSbUrysG49Ol7N571dO3DwQ
2021/12/15 15:03:49; Get report; Success; 200; ;Get report success!
2021/12/15 15:03:49; Logout; Success; 200; 200;  ; logout success! user=qpb password=123456
2021/12/15 15:04:33; Login; Success; 200; 200; user=qpb, password=123456; login success! user=qpb password=123456 Token=Token eyJhbGciOiJIUzUxMiIsImlhdCI6MTYzOTU1MTg3MywiZXhwIjoxNjM5NjM4MjczfQ.eyJ1c2VybmFtZSI6InFwYiJ9.mOhGfh7WFy8K1NZoZgBYGIL9rj3FNIO7KMavd8INYjWoPPAryvb48dme_5VX4OyJvQ_zbtAX_EriOgGiE7v0NQ
2021/12/15 15:04:57; Get report; Failed; 200; ;LookupError('unknown encoding: utf-8-bom')
2021/12/15 15:04:57; Logout; Success; 200; 200;  ; logout success! user=qpb password=123456
2021/12/15 15:06:30; Login; Success; 200; 200; user=qpb, password=123456; login success! user=qpb password=123456 Token=Token eyJhbGciOiJIUzUxMiIsImlhdCI6MTYzOTU1MTk4OSwiZXhwIjoxNjM5NjM4Mzg5fQ.eyJ1c2VybmFtZSI6InFwYiJ9.yxyjS4tGq0Glo5e7YK9Dm5conMBPNZOaQgx1dwEMCRi-gGzImcKsagn-iA1ZmX_equoX-jXz3n7PBB25se6R4w
2021/12/15 15:12:16; Login; Success; 200; 200; user=qpb, password=123456; login success! user=qpb password=123456 Token=Token eyJhbGciOiJIUzUxMiIsImlhdCI6MTYzOTU1MjMzNSwiZXhwIjoxNjM5NjM4NzM1fQ.eyJ1c2VybmFtZSI6InFwYiJ9.p_8YI6Jy2utQ_0k85qPdumgi1ktg5jOGZc1VUwAt3UImUKtWaKApLYkth2h3VV8ybOf7iHKhiJSUZnOWooIysw
2021/12/15 15:12:37; Get report; Success; 200; ;Get report success!
2021/12/15 15:12:37; Logout; Success; 200; 200;  ; logout success! user=qpb password=123456
2021/12/15 15:13:10; Login; Success; 200; 200; user=qpb, password=123456; login success! user=qpb password=123456 Token=Token eyJhbGciOiJIUzUxMiIsImlhdCI6MTYzOTU1MjM5MCwiZXhwIjoxNjM5NjM4NzkwfQ.eyJ1c2VybmFtZSI6InFwYiJ9.3504bACwC0QzwfwAZYb6HFnGSejZZVIsWiOLorFbsbQXV1lYk4WrKVmsxnfz6i8jUwqOI7Xcw9u-9WvgSx38Bw
2021/12/15 15:13:35; Get report; Success; 200; ;Get report success!
2021/12/15 15:13:35; Logout; Success; 200; 200;  ; logout success! user=qpb password=123456
2021/12/15 15:14:16; Login; Success; 200; 200; user=qpb, password=123456; login success! user=qpb password=123456 Token=Token eyJhbGciOiJIUzUxMiIsImlhdCI6MTYzOTU1MjQ1NSwiZXhwIjoxNjM5NjM4ODU1fQ.eyJ1c2VybmFtZSI6InFwYiJ9.cR-gQwAXMbBVEvLyB8cpuF7Mvb1CFJz4IvVa5Y51tbl_gwvSvWTV8KW1b3MCYZBaHSxaH65pQ6G8isli3lyygw
2021/12/15 15:14:38; Get report; Success; 200; ;Get report success!
2021/12/15 15:14:38; Logout; Success; 200; 200;  ; logout success! user=qpb password=123456
2021/12/15 15:28:57; Login; Success; 200; 200; user=qpb, password=123456; login success! user=qpb password=123456 Token=Token eyJhbGciOiJIUzUxMiIsImlhdCI6MTYzOTU1MzMzNywiZXhwIjoxNjM5NjM5NzM3fQ.eyJ1c2VybmFtZSI6InFwYiJ9.bWLs48lTH8yywzE0fLi8XWQWy3sXgfGYzidknth2F_Xwal4vSR624cgzJgaTPC0rOm2Qp9dIoHA2GZQrD3PsUw
2021/12/15 15:39:31; Login; Success; 200; 200; user=qpb, password=123456; login success! user=qpb password=123456 Token=Token eyJhbGciOiJIUzUxMiIsImlhdCI6MTYzOTU1Mzk3MCwiZXhwIjoxNjM5NjQwMzcwfQ.eyJ1c2VybmFtZSI6InFwYiJ9.zlbxTVDruQ-pTEbaJXbkoQ9AUaMy_VuzepOAyy5Rfy4dBFYfvklVVYi_9qREwucgz0HYk6s9FHbj-LYkpMYkFw
2021/12/15 15:39:45; Get report; Success; 200; ;Get report success!
2021/12/15 15:39:45; Logout; Success; 200; 200;  ; logout success! user=qpb password=123456
2021/12/15 15:42:24; Login; Success; 200; 200; user=qpb, password=123456; login success! user=qpb password=123456 Token=Token eyJhbGciOiJIUzUxMiIsImlhdCI6MTYzOTU1NDE0MywiZXhwIjoxNjM5NjQwNTQzfQ.eyJ1c2VybmFtZSI6InFwYiJ9.FFTpxA-P_X9sOn1SNv8IYB-LtM3vSZZvVDS2RjOz4XAYTLbTb1_zEWQ27I2KJ0TouuLOLvCjJ_GQPnSlgI072w
2021/12/15 15:42:25; Get report; Success; 200; ;Get report success!
2021/12/15 15:42:25; Logout; Success; 200; 200;  ; logout success! user=qpb password=123456
